config,method,ratio,n_train,test_accuracy,test_precision_w,test_recall_w,test_f1_w,test_auc,precision_minor,recall_minor,f1_minor,precision_major,recall_major,f1_major,TP,FP,TN,FN
RUS25,RUS,25%,38525,0.7718863246233073,0.7748164319811903,0.7718863246233072,0.7733223985426154,0.7801958686348153,0.8629943502824858,0.8565420560747663,0.8597560975609756,0.3829145728643216,0.3956386292834891,0.3891726251276813,762,1228,7332,1164
RUS50,RUS,50%,23115,0.7416555407209613,0.7921729311145587,0.7416555407209613,0.7604780691160963,0.786660922593919,0.8878430332758849,0.7823598130841122,0.8317704775507669,0.3669724770642202,0.5607476635514018,0.4436229205175601,1080,1863,6697,846
RUS75,RUS,75%,17978,0.7140949837879077,0.8018935882691304,0.7140949837879077,0.7418445216818029,0.7862924709581622,0.9033942558746736,0.7275700934579439,0.806004917820629,0.3507795100222717,0.6542056074766355,0.45668720550924247,1260,2332,6228,666
RUS100,RUS,100%,15410,0.6971199694831204,0.8116645356079525,0.6971199694831204,0.729378055504664,0.788227653312759,0.91671826625387,0.6918224299065421,0.7885486018641811,0.34475906607054146,0.7206645898234684,0.46639784946236557,1388,2638,5922,538
SMOTE25,SMOTE,25%,42795,0.7735075338546633,0.7716360267321519,0.7735075338546633,0.7725597542753027,0.7742149969429645,0.8595512149750029,0.8636682242990654,0.8616048015849892,0.38090185676392574,0.37279335410176534,0.3768039884544739,718,1167,7393,1208
SMOTE50,SMOTE,50%,51354,0.7578676330345222,0.7775826692958486,0.7578676330345222,0.7665982632148153,0.7731563467454702,0.8695225236283295,0.827570093457944,0.8480277727898485,0.36896109448482256,0.4480789200415369,0.40468933177022276,863,1476,7084,1063
SMOTE75,SMOTE,75%,59913,0.7476635514018691,0.7801790066227756,0.7476635514018691,0.7611235242876514,0.7675077760309004,0.8744934143870314,0.8066588785046729,0.8392075838599903,0.361003861003861,0.48546209761163034,0.4140832595217006,935,1655,6905,991
SMOTE100,SMOTE,100%,68472,0.7359336257867634,0.7814284598825922,0.7359336257867634,0.7536833005393467,0.7665318902184566,0.8782495101241019,0.7853971962616823,0.8292321924144311,0.35111268103143767,0.5160955347871236,0.417910447761194,994,1837,6723,932
